{
  "$schema": "https://schema.management.azure.com/schemas/2015-01-01/deploymentTemplate.json#",
  "contentVersion": "1.0.0.0",
  "parameters": {
    "actionGroupName": {
      "type": "string",
      "metadata": {
        "description": "Unique name (within the Resource Group) for the Action group."
      }
    },
    "actionGroupShortName": {
      "type": "string",
      "metadata": {
        "description": "Short name (maximum 12 characters) for the Action group."
      }
    },
    "emailReceivers": {
      "type": "array",
      "metadata": {
        "description": "The list of email receivers that are part of this action group."
      }
    },
    "rbacRoleReceivers": {
      "type": "array",
      "metadata": {
        "description": "The list of ARM role receivers that are part of this action group. Roles are Azure RBAC roles and only built-in roles are supported."
      }
    },
    "cuaID": {
      "type": "string"
    }
  },
  "resources": [
    {
      "apiVersion": "2018-02-01",
      "name": "[concat('pid-', parameters('cuaID'))]",
      "type": "Microsoft.Resources/deployments",
      "properties": {
        "mode": "Incremental",
        "template": {
          "$schema": "https://schema.management.azure.com/schemas/2015-01-01/deploymentTemplate.json#",
          "contentVersion": "1.0.0.0",
          "resources": []
        }
      }
    },
    {
      "type": "Microsoft.Insights/actionGroups",
      "apiVersion": "2019-06-01",
      "name": "[parameters('actionGroupName')]",
      "location": "Global",
      "properties": {
        "groupShortName": "[parameters('actionGroupShortName')]",
        "enabled": true,
        "emailReceivers": "[parameters('emailReceivers')]",
        "armRoleReceivers": "[parameters('rbacRoleReceivers')]"
      }
    }
  ],
  "outputs": {
    "actionGroupId": {
      "type": "string",
      "value": "[resourceId('Microsoft.Insights/actionGroups', parameters('actionGroupName'))]"
    }
  }
}