{
    "$schema": "https://schema.management.azure.com/schemas/2019-04-01/deploymentParameters.json#",
    "contentVersion": "1.0.0.0",
    "parameters": {
        "actionGroupName": {
            "value": "Azure Alerts"
        },
        "actionGroupShortName": {
            "value": "AzureAlerts"
        },
        "emailReceivers": {
            "value": [
                {
                    "name": "SecOps Email",
                    "emailAddress": "devops@contoso.com",
                    "useCommonAlertSchema": true
                }
            ]
        },
        "rbacRoleReceivers": {
            "value": [
                {
                    "name": "Monitoring Contributors",
                    "roleId": "749f88d5-cbae-40b8-bcfc-e573ddc772fa",
                    "useCommonAlertSchema": true
                }
            ]
        },
        "cuaID": {
            "value": $(cuaID)
        }
    }
}