{
  "$schema": "https://schema.management.azure.com/schemas/2015-01-01/deploymentTemplate.json#",
  "contentVersion": "1.0.0.0",
  "parameters": {
    "metricAlertName": {
      "defaultValue": "Throughput of Application Gateway ''",
      "type": "String"
    },
    "applicationGatewayId": {
      "type": "String"
    },
    "metricThreshold": {
      "type": "String"
    },
    "actionGroupName": {
      "type": "string"
    },
    "cuaID": {
      "type": "string"
    }
  },
  "variables": {
    "actionGroupId": "[resourceId('Microsoft.Insights/actionGroups', parameters('actionGroupName'))]"
  },
  "resources": [
    {
      "apiVersion": "2018-02-01",
      "name": "[concat('pid-', parameters('cuaID'))]",
      "type": "Microsoft.Resources/deployments",
      "properties": {
        "mode": "Incremental",
        "template": {
          "$schema": "https://schema.management.azure.com/schemas/2015-01-01/deploymentTemplate.json#",
          "contentVersion": "1.0.0.0",
          "resources": []
        }
      }
    },
    {
      "type": "microsoft.insights/metricAlerts",
      "apiVersion": "2018-03-01",
      "name": "[parameters('metricAlertName')]",
      "location": "global",
      "tags": {},
      "properties": {
        "severity": 2,
        "enabled": true,
        "scopes": [
          "[parameters('applicationGatewayId')]"
        ],
        "evaluationFrequency": "PT1M",
        "windowSize": "PT5M",
        "criteria": {
          "allOf": [
            {
              "threshold": "[parameters('metricThreshold')]",
              "name": "Metric1",
              "metricNamespace": "Microsoft.Network/applicationGateways",
              "metricName": "Throughput",
              "dimensions": [],
              "operator": "GreaterThan",
              "timeAggregation": "Average",
              "criterionType": "StaticThresholdCriterion"
            }
          ],
          "odata.type": "Microsoft.Azure.Monitor.SingleResourceMultipleMetricCriteria"
        },
        "autoMitigate": true,
        "targetResourceType": "Microsoft.Network/applicationGateways",
        "actions": [
          {
            "actionGroupId": "[variables('actionGroupId')]",
            "webHookProperties": {}
          }
        ],
        "description": "[concat('This alert is trigerred when average throughput of the Application Gateway is more than ', parameters('metricThreshold'), ' bytes/second')]"
      }
    }
  ]
}