{
    "$schema": "http://schema.management.azure.com/schemas/2014-04-01-preview/deploymentTemplate.json#",
    "contentVersion": "1.0.0.0",
    "parameters": {
        "actionGroupName": {
            "type": "string"
        },
        "alertName": {
            "type": "string"
        },
        "alertDescription": {
            "type": "string"
        },
        "query": {
            "type": "string"
        },
        "emailSubject": {
            "type": "string"
        }
    },
    "variables": {
        "actionGroup": "[resourceId('Microsoft.Insights/actionGroups', parameters('actionGroupName'))]",
        "logAnalyticsWorkspaceName": "wc-az-uks-prd-log-hub-01",
        "logAnalyticsWorkspace": "[resourceId('microsoft.operationalinsights/workspaces', variables('logAnalyticsWorkspaceName'))]",
        "logAnalyticsWorkspaceLocation": "uksouth"
    },
    "resources": [
    {
      "apiVersion": "2018-02-01",
      "name": "pid-xxxx",
      "type": "Microsoft.Resources/deployments",
      "properties": {
        "mode": "Incremental",
        "template": {
          "$schema": "https://schema.management.azure.com/schemas/2015-01-01/deploymentTemplate.json#",
          "contentVersion": "1.0.0.0",
          "resources": []
        }
      }
    },
        {
            "name": "[parameters('alertName')]",
            "type": "Microsoft.Insights/scheduledQueryRules",
            "apiVersion": "2018-04-16",
            "location": "[variables( 'logAnalyticsWorkspaceLocation' )]",
            "properties": {
                "description": "[parameters('alertDescription')]",
                "enabled": "true",
                "source": {
                    "query": "[parameters('query')]",
                    "dataSourceId": "[variables('logAnalyticsWorkspace')]",
                    "queryType": "ResultCount"
                },
                "schedule": {
                    "frequencyInMinutes": 5,
                    "timeWindowInMinutes": 5
                },
                "action": {
                    "odata.type": "Microsoft.WindowsAzure.Management.Monitoring.Alerts.Models.Microsoft.AppInsights.Nexus.DataContracts.Resources.ScheduledQueryRules.AlertingAction",
                    "severity": "2",
                    "throttlingInMin": 0,
                    "aznsAction": {
                        "actionGroup": [
                            "[variables('actionGroup')]"
                        ],
                        "emailSubject": "[parameters('emailSubject')]",
                        "customWebhookPayload": "{}"
                    },
                    "trigger": {
                        "thresholdOperator": "GreaterThan",
                        "threshold": 0
                    }
                }
            }
        }
    ]
}