{
  "$schema": "https://schema.management.azure.com/schemas/2019-04-01/deploymentTemplate.json#",
  "contentVersion": "1.0.0.0",
  "parameters": {
    "actionGroupName": {
      "type": "String"
    },
    "cuaID": {
      "type": "string"
    }
  },
  "variables": {
    "alertScope": "[concat('/','subscriptions','/',subscription().subscriptionId)]"
  },
  "resources": [
    {
      "apiVersion": "2018-02-01",
      "name": "[concat('pid-', parameters('cuaID'))]",
      "type": "Microsoft.Resources/deployments",
      "properties": {
        "mode": "Incremental",
        "template": {
          "$schema": "https://schema.management.azure.com/schemas/2015-01-01/deploymentTemplate.json#",
          "contentVersion": "1.0.0.0",
          "resources": []
        }
      }
    },
    {
      "comments": "Service Health Activity Log Alert",
      "type": "microsoft.insights/activityLogAlerts",
      "apiVersion": "2017-04-01",
      "name": "Azure Service Health Alert",
      "location": "Global",
      "tags": {},
      "scale": null,
      "properties": {
        "scopes": [
          "[variables('alertScope')]"
        ],
        "condition": {
          "allOf": [
            {
              "field": "category",
              "equals": "ServiceHealth"
            }
          ]
        },
        "actions": {
          "actionGroups": [
            {
              "actionGroupId": "[resourceId('microsoft.insights/actionGroups', parameters('actionGroupName'))]",
              "webhookProperties": {}
            }
          ]
        },
        "enabled": true,
        "description": ""
      }
    }
  ]
}