{
    "$schema": "https://schema.management.azure.com/schemas/2019-04-01/deploymentParameters.json#",
    "contentVersion": "1.0.0.0",
    "parameters": {
        "actionGroupName": {
            "value": "Azure Alerts"
        },
        "alertName": {
            "value": "Alert when any operation is performed on an Application Gateway"
        },
        "alertDescription": {
            "value": "This alert gets trigerred when a start, stop, restart, update, or delete operation is performed on an Appliation Gateway"
        },
        "query": {
            "value": "AzureActivity | where  OperationNameValue contains 'microsoft.network/applicationgateways/stop' or OperationNameValue contains 'microsoft.network/applicationgateways/start' or OperationNameValue contains 'microsoft.network/applicationgateways/restart' or OperationNameValue contains 'microsoft.network/applicationgateways/delete' or OperationNameValue contains 'microsoft.network/applicationgateways/write'"
        },
        "emailSubject": {
            "value": "An operation was performed on an Application Gateway"
        }
    }
}