{
    "$schema": "https://schema.management.azure.com/schemas/2019-04-01/deploymentParameters.json#",
    "contentVersion": "1.0.0.0",
    "parameters": {
        "actionGroupName": {
            "value": "Azure Alerts"
        },
        "alertName": {
            "value": "Alert for update or delete operation on Azure Policy assignment"
        },
        "alertDescription": {
            "value": "This alert gets trigerred when an update or delete operation is performed on Azure Poliy assignment"
        },
        "query": {
            "value": "AzureActivity | where OperationNameValue contains 'Microsoft.authorization/policyassignments/write' or OperationNameValue contains 'Microsoft.authorization/policyassignments/delete'"
        },
        "emailSubject": {
            "value": "An Azure Policy assignment was updated or deleted"
        }
    }
}