{
    "$schema": "https://schema.management.azure.com/schemas/2019-04-01/deploymentParameters.json#",
    "contentVersion": "1.0.0.0",
    "parameters": {
        "actionGroupName": {
            "value": "Azure Alerts"
        },
        "alertName": {
            "value": "Alert for update or delete operation on role assignment on an Azure resource"
        },
        "alertDescription": {
            "value": "This alert gets trigerred when an update or delete operation is performed on role assignment on any Azure resource"
        },
        "query": {
            "value": "AzureActivity | where OperationNameValue contains 'Microsoft.authorization/roleassignments/write' or OperationNameValue contains 'Microsoft.authorization/roleassignments/delete'"
        },
        "emailSubject": {
            "value": "A role assignment on an Azure resource was updated or deleted"
        }
    }
}