{
    "$schema": "https://schema.management.azure.com/schemas/2019-04-01/deploymentParameters.json#",
    "contentVersion": "1.0.0.0",
    "parameters": {
        "actionGroupName": {
            "value": "Azure Alerts"
        },
        "alertName": {
            "value": "Alert for any administrative operation on Domain Controller VMs"
        },
        "alertDescription": {
            "value": "This alert gets trigerred when an administrative operation is performed on Domain Controller VMs"
        },
        "query": {
            "value": "AzureActivity | where OperationNameValue contains 'microsoft.compute/virtualmachines' and ResourceGroup contains 'dc'"
        },
        "emailSubject": {
            "value": "Administrative operation was performed on Domain Controller VMs"
        }
    }
}