{
    "$schema": "https://schema.management.azure.com/schemas/2019-04-01/deploymentParameters.json#",
    "contentVersion": "1.0.0.0",
    "parameters": {
        "actionGroupName": {
            "value": "Azure Alerts"
        },
        "alertName": {
            "value": "Alert when a Security Solution is created or updated"
        },
        "alertDescription": {
            "value": "This alert gets trigerred when a Security Solution is created or updated"
        },
        "query": {
            "value": "AzureActivity | where OperationNameValue contains 'Microsoft.Security/Security/Solutions/write'"
        },
        "emailSubject": {
            "value": "A Security Solution was created or updated in Azure"
        }
    }
}