{
    "$schema": "https://schema.management.azure.com/schemas/2019-04-01/deploymentParameters.json#",
    "contentVersion": "1.0.0.0",
    "parameters": {
        "actionGroupName": {
            "value": "Azure Alerts"
        },
        "alertName": {
            "value": "Alert for delete operation performed on a Security Solution"
        },
        "alertDescription": {
            "value": "This alert gets trigerred when a delete operation is performed on a Security Solution"
        },
        "query": {
            "value": "AzureActivity | where OperationNameValue contains 'Microsoft.Security/Security/Solutions/delete'"
        },
        "emailSubject": {
            "value": "A Security Solution was deleted in Azure"
        }
    }
}