{
    "$schema": "https://schema.management.azure.com/schemas/2019-04-01/deploymentParameters.json#",
    "contentVersion": "1.0.0.0",
    "parameters": {
        "actionGroupName": {
            "value": "Azure Alerts"
        },
        "alertName": {
            "value": "Alert when a Network Security Group rule is deleted"
        },
        "alertDescription": {
            "value": "This alert gets trigerred when a Network Security Group rule is deleted"
        },
        "query": {
            "value": "AzureActivity | where OperationNameValue contains 'Microsoft.Network/networkSecurityGroups/securityRules/delete'"
        },
        "emailSubject": {
            "value": "A Network Security Group rule was deleted"
        }
    }
}