{
    "$schema": "https://schema.management.azure.com/schemas/2019-04-01/deploymentParameters.json#",
    "contentVersion": "1.0.0.0",
    "parameters": {
        "actionGroupName": {
            "value": "Azure Alerts"
        },
        "alertName": {
            "value": "Alert when a Security Policy is deleted"
        },
        "alertDescription": {
            "value": "This alert gets trigerred when a Security Policy is deleted"
        },
        "query": {
            "value": "AzureActivity | where OperationNameValue contains 'Microsoft.Security/policies/delete'"
        },
        "emailSubject": {
            "value": "A Security Policy was deleted in Azure"
        }
    }
}